{
  "kind": "ridge_regression_onehot",
  "version": 1,
  "horizon_days": 14,
  "l2": 1.0,
  "feature_columns": [
    "__bias__",
    "days_since_update",
    "completion_ratio",
    "risk_score",
    "payment_delay_days",
    "dependency_count",
    "team_size",
    "activity_level_High",
    "activity_level_Low",
    "activity_level_Medium",
    "sector_Agriculture",
    "sector_Culture",
    "sector_Education",
    "sector_Energy",
    "sector_Environment",
    "sector_Finance",
    "sector_Health",
    "sector_IT",
    "sector_Infrastructure",
    "sector_Logistics",
    "sector_Manufacturing",
    "sector_Public Services",
    "sector_Retail",
    "sector_SME",
    "sector_Sports",
    "sector_Tourism",
    "sector_Training",
    "sector_Water & Sanitation",
    "org_type_",
    "region_",
    "priority_",
    "approval_stage_",
    "update_channel_"
  ],
  "weights": [
    0.04526809463862846,
    0.013952567883153421,
    2.4184052768619564,
    1.0676251652420823,
    0.0,
    0.0,
    0.0,
    -2.4248267758702955,
    2.9750899267196123,
    -0.5049950562064638,
    -0.5698550927338523,
    0.9854294939811813,
    0.060299923333262145,
    -0.4017881148293731,
    -0.06387870470270622,
    1.2519759462139701,
    0.15979596730254728,
    -0.3387598523888007,
    0.4315086221888214,
    -0.04089953134861946,
    -1.5752221298763094,
    -0.4558447348783628,
    0.5467388822977991,
    0.5606796986569914,
    0.29477777843461495,
    -0.9659168772031423,
    0.8392692260103497,
    -0.6730424058175204,
    0.04526809464066989,
    0.045268094640670324,
    0.045268094640669464,
    0.04526809463875253,
    0.04526809463887301
  ],
  "training": {
    "history_entities_file": "history_entities_log.json",
    "output_model_file": "ai/model.json",
    "horizon_days": 14,
    "min_samples": 50,
    "allow_synthetic_targets": true,
    "n_samples": 400,
    "used_synthetic_targets": true,
    "metrics": {
      "mae": 1.5040476310059472,
      "rmse": 1.8302676722695543
    }
  }
}